Name,URL,Query_Depth,Matching_Keyword,Matching_Text
Schoolcraft College,https://www.schoolcraft.edu/,1,learning,"></li>
        <li><a href=""/course-formats"">Course Formats</a></li>
        <li><a href=""/distance-learning/distance-learning"">Distance Learning</a></li>
        <li><a href=""/course-formats"">Endorsements</a"
Schoolcraft College,https://www.schoolcraft.edu/,1,learning,"><a href=""/course-formats"">Course Formats</a></li>
        <li><a href=""/distance-learning/distance-learning"">Distance Learning</a></li>
        <li><a href=""/course-formats"">Endorsements</a></li>
        <li"
Schoolcraft College,https://www.schoolcraft.edu/,1,learning,"ormats"">Course Formats</a></li>
        <li><a href=""/distance-learning/distance-learning"">Distance Learning</a></li>
        <li><a href=""/course-formats"">Endorsements</a></li>
        <li><a href=""/scholars"
Schoolcraft College,https://www.schoolcraft.edu/,1,learning,"f=""/dss/disability-support-services"">Disability Support Services</a></li>
        <li><a href=""/lac/learning-center"">Learning Center</a></li>
        <li><a href=""/library/library"">Library</a></li>
        <l"
Schoolcraft College,https://www.schoolcraft.edu/,1,learning,"y-support-services"">Disability Support Services</a></li>
        <li><a href=""/lac/learning-center"">Learning Center</a></li>
        <li><a href=""/library/library"">Library</a></li>
        <li><a href=""/stude"
Schoolcraft College,https://www.schoolcraft.edu/,1,learning,"/li>
        <li><a href=""/hinklecenter/hinkle-center"">Hinkle Center</a></li>
        <li><a href=""/learning-support-services"">Learning Support Services</a></li>
        <li><a href=""/veterans/veterans-resour"
Schoolcraft College,https://www.schoolcraft.edu/,1,learning,"hinklecenter/hinkle-center"">Hinkle Center</a></li>
        <li><a href=""/learning-support-services"">Learning Support Services</a></li>
        <li><a href=""/veterans/veterans-resource-center"">Veterans Resourc"
Schoolcraft College,https://www.schoolcraft.edu/,1,learning,"f=""/lac/international-student-support"">International Student Support</a></li>
        <li><a href=""/learning-support-services"">Learning Support Services</a></li>
        <li><a href=""/library/library"">Library"
Schoolcraft College,https://www.schoolcraft.edu/,1,learning,"nt-support"">International Student Support</a></li>
        <li><a href=""/learning-support-services"">Learning Support Services</a></li>
        <li><a href=""/library/library"">Library</a></li>
        <li><a hr"
Schoolcraft College,https://www.schoolcraft.edu/,1,learning,"Services</a></li>
        <li><a href=""/library/library"">Library</a></li>
        <li><a href=""/lac/learning-assistance-center"">Seminars and Workshops</a></li>
        <li><a href=""/lac/student-athlete-suppor"
Schoolcraft College,https://www.schoolcraft.edu/,1,learning,"und-image"" src=""/images/default-source/megamenu-message/mm-circle-about.png"" />
    <h4>Choose Your Learning Style</h4>
    <h5><a href=""/course-formats"">View Our Course Formats</a></h5>
    </div>
    </div>"
Schoolcraft College,https://www.schoolcraft.edu/,1,learning,"></li>
        <li><a href=""/course-formats"">Course Formats</a></li>
        <li><a href=""/distance-learning/distance-learning"">Distance Learning</a></li>
        <li><a href=""/course-formats"">Endorsements</a"
Schoolcraft College,https://www.schoolcraft.edu/,1,learning,"><a href=""/course-formats"">Course Formats</a></li>
        <li><a href=""/distance-learning/distance-learning"">Distance Learning</a></li>
        <li><a href=""/course-formats"">Endorsements</a></li>
        <li"
Schoolcraft College,https://www.schoolcraft.edu/,1,learning,"ormats"">Course Formats</a></li>
        <li><a href=""/distance-learning/distance-learning"">Distance Learning</a></li>
        <li><a href=""/course-formats"">Endorsements</a></li>
        <li><a href=""/scholars"
Schoolcraft College,https://www.schoolcraft.edu/,1,learning,"f=""/dss/disability-support-services"">Disability Support Services</a></li>
        <li><a href=""/lac/learning-center"">Learning  Center</a></li>
        <li><a href=""/library/library"">Library</a></li>
        <"
Schoolcraft College,https://www.schoolcraft.edu/,1,learning,"y-support-services"">Disability Support Services</a></li>
        <li><a href=""/lac/learning-center"">Learning  Center</a></li>
        <li><a href=""/library/library"">Library</a></li>
        <li><a href=""/stud"
Schoolcraft College,https://www.schoolcraft.edu/,1,learning,"/li>
        <li><a href=""/hinklecenter/hinkle-center"">Hinkle Center</a></li>
        <li><a href=""/learning-support-services"">Learning Support Services</a></li>
        <li><a href=""/careerservices/student-e"
Schoolcraft College,https://www.schoolcraft.edu/,1,learning,"hinklecenter/hinkle-center"">Hinkle Center</a></li>
        <li><a href=""/learning-support-services"">Learning Support Services</a></li>
        <li><a href=""/careerservices/student-employment"">Student Employme"
Schoolcraft College,https://www.schoolcraft.edu/,1,learning,"f=""/lac/international-student-support"">International Student Support</a></li>
        <li><a href=""/learning-support-services"">Learning Support Services</a></li>
        <li><a href=""/library/library"">Library"
Schoolcraft College,https://www.schoolcraft.edu/,1,learning,"nt-support"">International Student Support</a></li>
        <li><a href=""/learning-support-services"">Learning Support Services</a></li>
        <li><a href=""/library/library"">Library</a></li>
        <li><a hr"
Schoolcraft College,https://www.schoolcraft.edu/,1,learning,"Services</a></li>
        <li><a href=""/library/library"">Library</a></li>
        <li><a href=""/lac/learning-assistance-center"">Seminars and Workshops</a></li>
        <li><a href=""/lac/student-athlete-suppor"
Schoolcraft College,https://www.schoolcraft.edu/,1,learning,"egamenu-message/mm-circle-resources.png"" />
    <h4>All the Support You Need</h4>
    <h5><a href=""/learning-support-services"">View Learning Support Services</a></h5>
    </div>
    </div>
    <!-- END DROPDO"
Schoolcraft College,https://www.schoolcraft.edu/,1,learning,"ces.png"" />
    <h4>All the Support You Need</h4>
    <h5><a href=""/learning-support-services"">View Learning Support Services</a></h5>
    </div>
    </div>
    <!-- END DROPDOWN -->
    </li>
    <li onclick"
Schoolcraft College,https://www.schoolcraft.edu/,1,learning,"tical-align:middle;"" src=""https://cdn.yoshki.com/iframe/54732.html""></iframe>
<!--
<img alt=""Higher Learning Commission logo"" src=""/images/default-source/Footer-Logos/logo-hlc.png?sfvrsn=0"" data-displaymode="""
Schoolcraft College,https://www.schoolcraft.edu/,1,learning,"images/default-source/Footer-Logos/logo-hlc.png?sfvrsn=0"" data-displaymode=""Original"" title=""Higher Learning Commission logo"" sfref=""[images|OpenAccessDataProvider]7930a470-6b13-653a-8c14-ff00009166ff"" />
-->"
Schoolcraft College,https://www.schoolcraft.edu/,1,university," data-sf-ftype=""ShortText"" href=""college-events/2019/06/13/college-events/advising-with-wayne-state-university"">Advising with Wayne State University </a> 
            </div>
        </li> 
     
        <li cla"
Schoolcraft College,https://www.schoolcraft.edu/,1,university,"ge-events/2019/06/13/college-events/advising-with-wayne-state-university"">Advising with Wayne State University </a> 
            </div>
        </li> 
     
        <li class=""sfeventListItem sflistitem event-i"
Schoolcraft College,https://www.schoolcraft.edu/,1,university,"epare &amp; Find Your Career</span>
</a>
<a id=""product-block"" href=""/foundation"">
<em class=""fa fa-university"" aria-hidden=""true""></em><br />
Make a Gift<br />
<span class=""pl-subhead"">Schoolcraft Foundation</"
George Mason University,https://www2.gmu.edu/,1,learning,"ection=""3281"" tabindex=""10"">Academic Calendar</a></li><li class=""""><a href=""/academics/teaching-and-learning"" data-section=""12331"" tabindex=""11"">Teaching and Learning</a></li><li class=""""><a href=""/academics/"
George Mason University,https://www2.gmu.edu/,1,learning,"class=""""><a href=""/academics/teaching-and-learning"" data-section=""12331"" tabindex=""11"">Teaching and Learning</a></li><li class=""""><a href=""/academics/accessibility-resources"" data-section=""3306"" tabindex=""12"""
George Mason University,https://www2.gmu.edu/,1,learning,""" tabindex=""3"">For Media</a></li><li class=""""><a href=""/community-connection/professional-community-learning"" data-section=""8671"" tabindex=""4"">Professional &amp; Community Learning</a></li></ul>
            <"
George Mason University,https://www2.gmu.edu/,1,learning,"tion/professional-community-learning"" data-section=""8671"" tabindex=""4"">Professional &amp; Community Learning</a></li></ul>
            </div>
          </div>
        </div>
      </div>
        </div>


</he"
George Mason University,https://www2.gmu.edu/,1,learning,"0px 20px 10px 20px"">
  <a class=""cta info"" href=""node/1176"">
    <span>Professional &amp; Community Learning</span>
  </a>
</div>
<div class=""cta-boxes"" style=""padding:10px 20px 10px 20px"">
  <a class=""cta at"
George Mason University,https://www2.gmu.edu/,1,learning,"ndar"">Academic Calendar</a></li>
                              <li><a href=""/academics/teaching-and-learning"">Teaching and Learning</a></li>
                              <li><a href=""/academics/accessibility"
George Mason University,https://www2.gmu.edu/,1,learning,"</a></li>
                              <li><a href=""/academics/teaching-and-learning"">Teaching and Learning</a></li>
                              <li><a href=""/academics/accessibility-resources"">Accessibili"
George Mason University,https://www2.gmu.edu/,1,university,"=""origin-when-crossorigin"" />
<meta name=""description"" content=""Mason is making its mark as a great university of a new and necessary kind—evolving every day to meet changing needs and deliver an education of r"
George Mason University,https://www2.gmu.edu/,1,university,"ll/modules/features/feature_core_theme/templates/resources/images/mason-logo.png"" alt=""George Mason University""/></a>
</div>




  <nav class=""global-nav"">
  <div class=""back-to-mason"">
    &nbsp;
  </div>
  
 "
George Mason University,https://www2.gmu.edu/,1,university,"features/feature_core_theme/templates/resources/images/mason-logo-compressed.png"" alt=""George Mason University""/></a>
      <a class=""global-nav-icon"" href=""#main-menu"">Expand/Collapse Global Navigation</a>
   "
George Mason University,https://www2.gmu.edu/,1,university,"ules/features/feature_core_theme/templates/resources/images/mason-logo-green.png"" alt=""George Mason University""/>
            </a>
          </div>
          <div class=""columns"">
            <div class=""column"
George Mason University,https://www2.gmu.edu/,1,university," data-section=""3306"" tabindex=""12"">Accessibility Resources</a></li><li class=""""><a href=""/academics/university-libraries"" data-section=""5171"" tabindex=""13"">University Libraries</a></li><li class=""""><a href=""/st"
George Mason University,https://www2.gmu.edu/,1,university,"es</a></li><li class=""""><a href=""/academics/university-libraries"" data-section=""5171"" tabindex=""13"">University Libraries</a></li><li class=""""><a href=""/student-life/mason-stem-programs/youth-leadership-conferen"
George Mason University,https://www2.gmu.edu/,1,university,"ules/features/feature_core_theme/templates/resources/images/mason-logo-green.png"" alt=""George Mason University""/>
            </a>
          </div>
          <div class=""columns"">
            <div class=""column"
George Mason University,https://www2.gmu.edu/,1,university,"ules/features/feature_core_theme/templates/resources/images/mason-logo-green.png"" alt=""George Mason University""/>
            </a>
          </div>
          <div class=""columns"">
            <div class=""column"
George Mason University,https://www2.gmu.edu/,1,university,"ules/features/feature_core_theme/templates/resources/images/mason-logo-green.png"" alt=""George Mason University""/>
            </a>
          </div>
          <div class=""columns"">
            <div class=""column"
George Mason University,https://www2.gmu.edu/,1,university,"ules/features/feature_core_theme/templates/resources/images/mason-logo-green.png"" alt=""George Mason University""/>
            </a>
          </div>
          <div class=""columns"">
            <div class=""column"
George Mason University,https://www2.gmu.edu/,1,university,"    <div class=""column col-33 featured-links"">
              <h2>Virginia's Largest Public Research University</h2>
<p>With 37,000 students from all 50 states and 130 countries and a residential population of m"
George Mason University,https://www2.gmu.edu/,1,university,"     <p class=""off-screen"">Sub-navigation:</p>
              <ul><li class=""""><a href=""/about-mason/university-leadership"" data-section=""2561"" tabindex=""0"">University Leadership</a></li><li class=""""><a href=""/a"
George Mason University,https://www2.gmu.edu/,1,university,"     <ul><li class=""""><a href=""/about-mason/university-leadership"" data-section=""2561"" tabindex=""0"">University Leadership</a></li><li class=""""><a href=""/about-mason/departments-and-offices"" data-section=""5021"" "
George Mason University,https://www2.gmu.edu/,1,university,"ty-mason"" data-section=""2576"" tabindex=""7"">Diversity at Mason</a></li><li class=""""><a href=""https://universitypolicy.gmu.edu"" data-section=""12271"" tabindex=""8"">University Policy</a></li><li class=""""><a href=""/a"
George Mason University,https://www2.gmu.edu/,1,university,"n</a></li><li class=""""><a href=""https://universitypolicy.gmu.edu"" data-section=""12271"" tabindex=""8"">University Policy</a></li><li class=""""><a href=""/about-mason/freedom-information-act-requests"" data-section=""8"
George Mason University,https://www2.gmu.edu/,1,university,"ules/features/feature_core_theme/templates/resources/images/mason-logo-green.png"" alt=""George Mason University""/>
            </a>
          </div>
          <div class=""columns"">
            <div class=""column"
George Mason University,https://www2.gmu.edu/,1,university,"yle=""padding:10px 20px 10px 20px"">
  <a class=""cta books"" href=""http://catalog.gmu.edu/"">
    <span>University </br>Catalog</span>
  </a>
</div>
<div class=""cta-boxes"" style=""padding:10px 20px 10px 20px"">
  <a "
George Mason University,https://www2.gmu.edu/,1,university,"ss=""col""><h2><span style=""font-size:22px"">Alumni</span></h2>

<p>The diverse alumni of George Mason University are committed to strengthening the relations between alumni and the university through accessible a"
George Mason University,https://www2.gmu.edu/,1,university,"umni of George Mason University are committed to strengthening the relations between alumni and the university through accessible and inclusive programs and services</p>
<a class=""twitter-timeline"" data-width="""
George Mason University,https://www2.gmu.edu/,1,university,"ll/modules/features/feature_core_theme/templates/resources/images/mason-logo.png"" alt=""George Mason University""/></a>
</div>




  <div class=""slogan-and-copyright desktop"">
  <h2 class=""site-slogan"">Patriots B"
George Mason University,https://www2.gmu.edu/,1,university,"-and-copyright desktop"">
  <h2 class=""site-slogan"">Patriots Brave &amp; Bold</h2>
  <span>
    4400 University Drive, Fairfax, Virginia 22030  <Br />
    &copy; 2019 George Mason University – Call: +1 (703) 993"
George Mason University,https://www2.gmu.edu/,1,university,"2>
  <span>
    4400 University Drive, Fairfax, Virginia 22030  <Br />
    &copy; 2019 George Mason University – Call: +1 (703) 993-1000  </span>
</div>

<div id=""footer-links"">
    <ul>
    <li><a href=""#sitem"
George Mason University,https://www2.gmu.edu/,1,university,"p"" class=""sitemap-toggle"">Sitemap</a></li>
    <li><a href=""https://info.gmu.edu/campus-information/university-switchboard/#SkypeChat"" target=""_blank"">Contact via Skype</a></li><li><a href=""https://diversity.g"
George Mason University,https://www2.gmu.edu/,1,university,"t=""_blank"">FOIA</a></li>  </ul>
</div>

<div class=""slogan-and-copyright mobile"">
  <span>
    4400 University Drive, Fairfax, Virginia 22030  <Br />
    &copy; 2019 George Mason University – Call: +1 (703) 993"
George Mason University,https://www2.gmu.edu/,1,university,""">
  <span>
    4400 University Drive, Fairfax, Virginia 22030  <Br />
    &copy; 2019 George Mason University – Call: +1 (703) 993-1000  </span>
</div>


  

<div id=""sitemap"">
  <p class=""off-screen"">Sitemap:"
George Mason University,https://www2.gmu.edu/,1,university,"y-resources"">Accessibility Resources</a></li>
                              <li><a href=""/academics/university-libraries"">University Libraries</a></li>
                              <li><a href=""/student-life/m"
George Mason University,https://www2.gmu.edu/,1,university,"lity Resources</a></li>
                              <li><a href=""/academics/university-libraries"">University Libraries</a></li>
                              <li><a href=""/student-life/mason-stem-programs/you"
George Mason University,https://www2.gmu.edu/,1,university,"ef=""/about-mason"">About Mason</a>                <ul>
                    <li><a href=""/about-mason/university-leadership"">University Leadership</a></li>
                              <li><a href=""/about-mason/"
George Mason University,https://www2.gmu.edu/,1,university," Mason</a>                <ul>
                    <li><a href=""/about-mason/university-leadership"">University Leadership</a></li>
                              <li><a href=""/about-mason/departments-and-offices"
George Mason University,https://www2.gmu.edu/,1,university,"son/diversity-mason"">Diversity at Mason</a></li>
                              <li><a href=""https://universitypolicy.gmu.edu"">University Policy</a></li>
                              <li><a href=""/about-mason/f"
George Mason University,https://www2.gmu.edu/,1,university,"sity at Mason</a></li>
                              <li><a href=""https://universitypolicy.gmu.edu"">University Policy</a></li>
                              <li><a href=""/about-mason/freedom-information-act-req"
George Mason University,https://www2.gmu.edu/,1,diversity,"anizations</a></li><li><a href=""/student-life/get-job"">Career Services</a></li><li><a href=""https://diversity.gmu.edu/node/246"">Sexual Misconduct, Harassment &amp; Violence</a></li></ul>            </div>
    "
George Mason University,https://www2.gmu.edu/,1,diversity,"gmu.edu"" data-section=""12261"" tabindex=""4"">Accessibility</a></li><li class=""""><a href=""/about-mason/diversity-mason"" data-section=""2576"" tabindex=""7"">Diversity at Mason</a></li><li class=""""><a href=""https://un"
George Mason University,https://www2.gmu.edu/,1,diversity,"bility</a></li><li class=""""><a href=""/about-mason/diversity-mason"" data-section=""2576"" tabindex=""7"">Diversity at Mason</a></li><li class=""""><a href=""https://universitypolicy.gmu.edu"" data-section=""12271"" tabin"
George Mason University,https://www2.gmu.edu/,1,diversity,"/university-switchboard/#SkypeChat"" target=""_blank"">Contact via Skype</a></li><li><a href=""https://diversity.gmu.edu/node/246"" target=""_blank"">Title IX</a></li><li><a href=""https://accessibility.gmu.edu/"" t"
George Mason University,https://www2.gmu.edu/,1,diversity,"n/featured-alumni"">Featured Alumni</a></li>
                              <li><a href=""/about-mason/diversity-mason"">Diversity at Mason</a></li>
                              <li><a href=""https://universitypol"
George Mason University,https://www2.gmu.edu/,1,diversity,""">Featured Alumni</a></li>
                              <li><a href=""/about-mason/diversity-mason"">Diversity at Mason</a></li>
                              <li><a href=""https://universitypolicy.gmu.edu"">Univ"
Navajo Technical University,http://www.navajotech.edu/,1,learning," technical, vocational, and academic degrees, and community education in student oriented, hands-on learning environment based on the Diné Philosophy of Education."" />
	<meta name=""generator"" content=""Joomla!"
Navajo Technical University,http://www.navajotech.edu/,1,learning,"i><li><a   href=""/academics/course-schedules"" >Course Schedules</a></li><li><a   href=""/academics/e-learning"" >E-Learning</a></li><li><a   href=""/academics/engineering-advisory-board"" >Engineering Advisory Bo"
Navajo Technical University,http://www.navajotech.edu/,1,learning,"ef=""/academics/course-schedules"" >Course Schedules</a></li><li><a   href=""/academics/e-learning"" >E-Learning</a></li><li><a   href=""/academics/engineering-advisory-board"" >Engineering Advisory Board</a></li><"
Navajo Technical University,http://www.navajotech.edu/,1,learning,"></li><li><a   href=""/students/child-care"" >Child Care Services</a></li><li><a   href=""/academics/e-learning"" >E-Learning</a></li><li><a   href=""/future-students/dual-credit"" >Dual Credit Program</a></li><li>"
Navajo Technical University,http://www.navajotech.edu/,1,learning,"  href=""/students/child-care"" >Child Care Services</a></li><li><a   href=""/academics/e-learning"" >E-Learning</a></li><li><a   href=""/future-students/dual-credit"" >Dual Credit Program</a></li><li><a   href=""/f"
Navajo Technical University,http://www.navajotech.edu/,1,learning,"i><li><a   href=""/academics/course-schedules"" >Course Schedules</a></li><li><a   href=""/academics/e-learning"" >E-Learning</a></li><li><a   href=""/students/e-learning-resources"" >E-Learning Resources</a></li><"
Navajo Technical University,http://www.navajotech.edu/,1,learning,"ef=""/academics/course-schedules"" >Course Schedules</a></li><li><a   href=""/academics/e-learning"" >E-Learning</a></li><li><a   href=""/students/e-learning-resources"" >E-Learning Resources</a></li><li><a   href="
Navajo Technical University,http://www.navajotech.edu/,1,learning,"edules</a></li><li><a   href=""/academics/e-learning"" >E-Learning</a></li><li><a   href=""/students/e-learning-resources"" >E-Learning Resources</a></li><li><a   href=""/images/academics/docs/Final-Exam-Schedule_"
Navajo Technical University,http://www.navajotech.edu/,1,learning," href=""/academics/e-learning"" >E-Learning</a></li><li><a   href=""/students/e-learning-resources"" >E-Learning Resources</a></li><li><a   href=""/images/academics/docs/Final-Exam-Schedule_Fall-2018_11-27-2018.pd"
Navajo Technical University,http://www.navajotech.edu/,1,learning,"f/staff-directory/dual-credit"" >Dual Credit</a></li><li><a   href=""/faculty-staff/staff-directory/e-learning"" >E-Learning</a></li><li><a   href=""/faculty-staff/staff-directory/financial-aid"" >Financial Aid</a"
Navajo Technical University,http://www.navajotech.edu/,1,learning,"tory/dual-credit"" >Dual Credit</a></li><li><a   href=""/faculty-staff/staff-directory/e-learning"" >E-Learning</a></li><li><a   href=""/faculty-staff/staff-directory/financial-aid"" >Financial Aid</a></li><li><a "
Navajo Technical University,http://www.navajotech.edu/,1,learning,"i><a   href=""/academics/course-schedules"" >Course Schedules</a></li><li><a   href=""/faculty-staff/e-learning-resources"" >E-Learning Resources</a></li><li><a   href=""/faculty-staff/resources"" >Employee Resourc"
Navajo Technical University,http://www.navajotech.edu/,1,learning,"/course-schedules"" >Course Schedules</a></li><li><a   href=""/faculty-staff/e-learning-resources"" >E-Learning Resources</a></li><li><a   href=""/faculty-staff/resources"" >Employee Resources</a></li><li><a   hre"
Navajo Technical University,http://www.navajotech.edu/,1,learning,"se Schedules</span></a></span></li><li class=''><span class='S5_submenu_item'><a href=""/academics/e-learning""><span class='s5_sub_a_span' onclick='window.document.location.href=""/academics/e-learning""'>E-Lear"
Navajo Technical University,http://www.navajotech.edu/,1,learning,"demics/e-learning""><span class='s5_sub_a_span' onclick='window.document.location.href=""/academics/e-learning""'>E-Learning</span></a></span></li><li class=''><span class='S5_submenu_item'><a href=""/academics/e"
Navajo Technical University,http://www.navajotech.edu/,1,learning,"ning""><span class='s5_sub_a_span' onclick='window.document.location.href=""/academics/e-learning""'>E-Learning</span></a></span></li><li class=''><span class='S5_submenu_item'><a href=""/academics/engineering-ad"
Navajo Technical University,http://www.navajotech.edu/,1,learning,"are Services</span></a></span></li><li class=''><span class='S5_submenu_item'><a href=""/academics/e-learning""><span class='s5_sub_a_span' onclick='window.document.location.href=""/academics/e-learning""'>E-Lear"
Navajo Technical University,http://www.navajotech.edu/,1,learning,"demics/e-learning""><span class='s5_sub_a_span' onclick='window.document.location.href=""/academics/e-learning""'>E-Learning</span></a></span></li><li class=''><span class='S5_submenu_item'><a href=""/future-stud"
Navajo Technical University,http://www.navajotech.edu/,1,learning,"ning""><span class='s5_sub_a_span' onclick='window.document.location.href=""/academics/e-learning""'>E-Learning</span></a></span></li><li class=''><span class='S5_submenu_item'><a href=""/future-students/dual-cre"
Navajo Technical University,http://www.navajotech.edu/,1,learning,"se Schedules</span></a></span></li><li class=''><span class='S5_submenu_item'><a href=""/academics/e-learning""><span class='s5_sub_a_span' onclick='window.document.location.href=""/academics/e-learning""'>E-Lear"
Navajo Technical University,http://www.navajotech.edu/,1,learning,"demics/e-learning""><span class='s5_sub_a_span' onclick='window.document.location.href=""/academics/e-learning""'>E-Learning</span></a></span></li><li class=''><span class='S5_submenu_item'><a href=""/students/e-"
Navajo Technical University,http://www.navajotech.edu/,1,learning,"ning""><span class='s5_sub_a_span' onclick='window.document.location.href=""/academics/e-learning""'>E-Learning</span></a></span></li><li class=''><span class='S5_submenu_item'><a href=""/students/e-learning-reso"
Navajo Technical University,http://www.navajotech.edu/,1,learning,"""'>E-Learning</span></a></span></li><li class=''><span class='S5_submenu_item'><a href=""/students/e-learning-resources""><span class='s5_sub_a_span' onclick='window.document.location.href=""/students/e-learning"
Navajo Technical University,http://www.navajotech.edu/,1,learning,"learning-resources""><span class='s5_sub_a_span' onclick='window.document.location.href=""/students/e-learning-resources""'>E-Learning Resources</span></a></span></li><li class=''><span class='S5_submenu_item'><"
Navajo Technical University,http://www.navajotech.edu/,1,learning,"an class='s5_sub_a_span' onclick='window.document.location.href=""/students/e-learning-resources""'>E-Learning Resources</span></a></span></li><li class=''><span class='S5_submenu_item'><a href=""/images/academi"
Navajo Technical University,http://www.navajotech.edu/,1,learning,"chedules</span></a></span></li><li class=''><span class='S5_submenu_item'><a href=""/faculty-staff/e-learning-resources""><span class='s5_sub_a_span' onclick='window.document.location.href=""/faculty-staff/e-lea"
Navajo Technical University,http://www.navajotech.edu/,1,learning,"ing-resources""><span class='s5_sub_a_span' onclick='window.document.location.href=""/faculty-staff/e-learning-resources""'>E-Learning Resources</span></a></span></li><li class=''><span class='S5_submenu_item'><"
Navajo Technical University,http://www.navajotech.edu/,1,learning,"ass='s5_sub_a_span' onclick='window.document.location.href=""/faculty-staff/e-learning-resources""'>E-Learning Resources</span></a></span></li><li class=''><span class='S5_submenu_item'><a href=""/faculty-staff/"
Navajo Technical University,http://www.navajotech.edu/,1,learning,"und the corner. We'll be offering a variety of online courses for those who wish to pursue distance learning. Registration is currently opened and ongoing. The semester begins August 19th!					</div>
					
		"
Navajo Technical University,http://www.navajotech.edu/,1,learning,"					

<div class=""customs5_icon.ion-edit""  >
	<!--<p>Set your schedule, pick your course and start learning. Lorem ipsum dolor sit amet, natum aeterno sanctus ei per, fastidii torquatos nam ex. Amet vitae pr"
Navajo Technical University,http://www.navajotech.edu/,1,learning,"ow-forward""></span></a>-->The University is committed to a high quality, student-oriented, hands-on-learning environment based on the Diné cultural principles: <em>Nitsáhákees, Nahátá, Iína, Siihasin</em>.</d"
Navajo Technical University,http://www.navajotech.edu/,1,learning,"deavors. Your attendance and participation in all your classes is of utmost importance towards your learning process and accomplishments.</p>
<p>&nbsp;</p>
<p><span style=""font-size: 1.3em;""><strong>Summer "
Navajo Technical University,http://www.navajotech.edu/,1,learning,"f=""/students/policies-docs"" >Policies + Documents</a></li><li class=""item-804""><a href=""/students/e-learning-resources"" >E-Learning Resources</a></li></ul>
						</div>
						<div style=""clear:both; height:0"
Navajo Technical University,http://www.navajotech.edu/,1,learning,"ocs"" >Policies + Documents</a></li><li class=""item-804""><a href=""/students/e-learning-resources"" >E-Learning Resources</a></li></ul>
						</div>
						<div style=""clear:both; height:0px""></div>
					</div>"
Navajo Technical University,http://www.navajotech.edu/,1,learning,""" rel=""noopener noreferrer"">Izenda Reporting</a></li><li class=""item-803""><a href=""/faculty-staff/e-learning-resources"" >E-Learning Resources</a></li></ul>
						</div>
						<div style=""clear:both; height:0"
Navajo Technical University,http://www.navajotech.edu/,1,learning,"rer"">Izenda Reporting</a></li><li class=""item-803""><a href=""/faculty-staff/e-learning-resources"" >E-Learning Resources</a></li></ul>
						</div>
						<div style=""clear:both; height:0px""></div>
					</div>"
Navajo Technical University,http://www.navajotech.edu/,1,university,"type"" content=""text/html; charset=utf-8"" />
	<meta name=""keywords"" content=""NTU, Navajo, Technical, University, College, Navajo Technical University, Sky Hawks, Skyhawks, Crownpoint Institute of Technology, Nav"
Navajo Technical University,http://www.navajotech.edu/,1,university,"8"" />
	<meta name=""keywords"" content=""NTU, Navajo, Technical, University, College, Navajo Technical University, Sky Hawks, Skyhawks, Crownpoint Institute of Technology, Navajotech, New Mexico, New, Mexico"" />
	"
Navajo Technical University,http://www.navajotech.edu/,1,university,"xico, New, Mexico"" />
	<meta name=""rights"" content=""All rights reserved. Copyright Navajo Technical University."" />
	<meta name=""description"" content=""Welcome to Navajo Technical University. Navajo Tech is comm"
Navajo Technical University,http://www.navajotech.edu/,1,university,"ght Navajo Technical University."" />
	<meta name=""description"" content=""Welcome to Navajo Technical University. Navajo Tech is committed to offering quality technical, vocational, and academic degrees, and comm"
Navajo Technical University,http://www.navajotech.edu/,1,university,"eta name=""generator"" content=""Joomla! - Open Source Content Management"" />
	<title>Navajo Technical University | Crownpoint, NM - Navajo Technical University | Crownpoint, NM</title>
	<link href=""/?format=feed&"
Navajo Technical University,http://www.navajotech.edu/,1,university,"urce Content Management"" />
	<title>Navajo Technical University | Crownpoint, NM - Navajo Technical University | Crownpoint, NM</title>
	<link href=""/?format=feed&amp;type=rss"" rel=""alternate"" type=""application"
Navajo Technical University,http://www.navajotech.edu/,1,university,"ass=""custom-sidebar""  >
	<p><span style=""font-size: 1.5em;"">Contact</span></p>
<p>Navajo Technical University<br /> Lowerpoint Road, State Hwy 371<br /> Crownpoint NM 87313</p>
<p>Phone: 505.786.4100<br /> Fa"
Navajo Technical University,http://www.navajotech.edu/,1,university,"ic and community! Come see the work of our area youth as well as our teaching instructors from Yale University, the University of Miami, and more! For more information, email Sharon Nelson at snelson@navajotech"
Navajo Technical University,http://www.navajotech.edu/,1,university,"! Come see the work of our area youth as well as our teaching instructors from Yale University, the University of Miami, and more! For more information, email Sharon Nelson at snelson@navajotech.edu.					</div>"
Navajo Technical University,http://www.navajotech.edu/,1,university,"		<div class=""bt-introtext"">
					In partnership with Crownpoint Health Education, Navajo Technical University will be hosting a Youth Volleyball Camp on June 27th and June 28th. Registration is currently ongoi"
Navajo Technical University,http://www.navajotech.edu/,1,university," to engage and interact with our elders, and to begin discussions of better including our elders in university events and operations. If you'd like to participate and play with us, please contact Daniel Vandeve"
Navajo Technical University,http://www.navajotech.edu/,1,university,"						</div>
					
										<div class=""bt-introtext"">
					On May 17th at 10 am, Navajo Technical University will confer over 140 certificates and degrees at its Spring 2019 commencement, including the univer"
Navajo Technical University,http://www.navajotech.edu/,1,university,"ersity will confer over 140 certificates and degrees at its Spring 2019 commencement, including the university’s first honorary degree to longtime New Mexico State Senator, John Pinto. Senator Pinto will be pre"
Navajo Technical University,http://www.navajotech.edu/,1,university,"rotext"">
					On May 3, 2019, the Veterinary Technology and Land Grant programs at Navajo Technical University collaborated with the New Mexico Livestock Board to present the 6th Annual Sheep Conference and Wor"
Navajo Technical University,http://www.navajotech.edu/,1,university,":34						</span>
											</div>
					
										<div class=""bt-introtext"">
					Navajo Technical University’s Diné Studies program invited members of the Yakut indigenous group from Russia to learn about Nav"
Navajo Technical University,http://www.navajotech.edu/,1,university,"lass=""s5_mod_h3_outer"">
							<h3 class=""s5_mod_h3"">
														<i class=""s5_mod_ion_icon ion-university""></i>
																						<span class=""s5_h3_first"">Future </span><span class=""s5_h3_last""> Stud"
Navajo Technical University,http://www.navajotech.edu/,1,university,"yle=""clear:both""></div>
												<div class=""s5_outer "">
						

<div class=""customs5_icon.ion-university""  >
	<p>Quick links for those who are planning to enter their first year at Navajo Technical Univer"
Navajo Technical University,http://www.navajotech.edu/,1,university,"ersity""  >
	<p>Quick links for those who are planning to enter their first year at Navajo Technical University.<br /> <br /> 
<a href=""/future-students"" target=""_self"" class=""readon noarrow noback"">More Inform"
Navajo Technical University,http://www.navajotech.edu/,1,university,".com/watch?v=10zWBuChCCQ"" class=""readon white"" data-rokbox="""" data-rokbox-caption=""Navajo Technical University"">Play Video <span class=""ion-ios-videocam""></span></a> <a href=""https://www.youtube.com/user/2012NT"
Navajo Technical University,http://www.navajotech.edu/,1,university,"#"" class=""readon noarrow noback"">More Info<span class=""ion-android-arrow-forward""></span></a>-->The University is committed to a high quality, student-oriented, hands-on-learning environment based on the Diné c"
Navajo Technical University,http://www.navajotech.edu/,1,university,"s/front/applyNTU.jpg"" alt=""apply ntu"" /></figure>
<p style=""text-align: justify;"">Navajo Technical University has an open-door policy for admission. Our General Catalog will be one of the most important public"
Navajo Technical University,http://www.navajotech.edu/,1,university,"e_box_2"">
												<div class=""s5_outer "">
						

<div class=""custom""  >
	<p>Navajo Technical University, like all tribal colleges and universities, grew out of a prayer in the 1960s that envisioned all t"
Navajo Technical University,http://www.navajotech.edu/,1,university,"pproved changing the name to Navajo Technical College. In 2013, NTC became NTU - becoming the first university established on the Navajo Nation.</p>
<p>Today, NTU is one of the premier institutions of higher e"
Navajo Technical University,http://www.navajotech.edu/,1,university,">
						

<div class=""custom""  >
	<p id=""degrees""><span style=""font-size: 1.7em;""><span class=""ion-university"" style=""font-size: 1.5em;""></span>&nbsp; Certificates and Degree Programs</span></p>
<p>Navajo Tec"
Navajo Technical University,http://www.navajotech.edu/,1,university,"=""font-size: 1.5em;""></span>&nbsp; Certificates and Degree Programs</span></p>
<p>Navajo Technical University seeks to train students in careers that will lead to self-sufficiency and independence. Vocational,"
Navajo Technical University,http://www.navajotech.edu/,1,university,"=""color: #000000;"">
<p><span style=""font-size: 1.8em;"">Contact NTU</span></p>
<p>Navajo Technical University<br /> Lowerpoint Road, State Hwy 371<br /> Crownpoint, NM 87313</p>
<p>Phone: <a style=""color: #00"
Navajo Technical University,http://www.navajotech.edu/,1,university,"82.6010</p>
</div>
<!--<div class=""s5_address_right""><span class=""address_wrap""> Navajo Technical University <br/>Lowerpoint Road, State Hwy 371 <br />Crownpoint, NM 87313 <br /><br /> </span></div>
<div sty"
Navajo Technical University,http://www.navajotech.edu/,1,university,"447834!3m2!1i1024!2i768!4f13.1!3m3!1m2!1s0x8724a5d426f282eb%3A0x86e4d918e3d5cf53!2sNavajo+Technical+University!5e0!3m2!1sen!2sus!4v1537885524896"" width=""100%"" height=""600"" frameborder=""0"" allowfullscreen=""allow"
Navajo Technical University,http://www.navajotech.edu/,1,university,"	
							<div id=""s5_footer"">
					<span class=""footerc"">
Copyright &copy; 2019 Navajo Technical University | Site by 
<a href=""/faculty-staff/staff-directory/information-technology"" title=""NTU Webmaster"" t"
Troy University,https://www.troy.edu/,1,learning,"ting Division 1 athletics events, Troy University provides students around the globe with top-notch learning opportunities—in class and online. For 14 consecutive years, TROY has been named to The Princeton R"
Troy University,https://www.troy.edu/,1,learning,"tics events,
                     Troy University provides students around the globe with top-notch learning opportunities—in
                     class and online. For 14 consecutive years, TROY has been nam"
Troy University,https://www.troy.edu/,1,university,"<head>
      <!-- OU Search Ignore Start Here -->
<!-- headcode include -->
<!--
	Description: Troy University Theme
	Version: 1.0
	Author: VisionPoint Marketing
//-->
<meta charset=""utf-8""/>
<meta http-equiv="""
Troy University,https://www.troy.edu/,1,university,"<!-- OU Search Ignore End Here -->
      <link rel=""prefetch"" href=""/index.html"">
      <title>Troy University</title>
      <meta name=""Description"" content=""From award-winning academic opportunities to exciti"
Troy University,https://www.troy.edu/,1,university,"n"" content=""From award-winning academic opportunities to exciting Division 1 athletics events, Troy University provides students around the globe with top-notch learning opportunities—in class and online. For 1"
Troy University,https://www.troy.edu/,1,university,"ass=""header-logo""><img src=""/_resources/images/troy-logo-svg.svg"" class=""header-logo-svg"" alt=""Troy University, Homepage Link""></a></div>
            <div class=""col-md-10"">
               <ul class=""navbar-nav"
Troy University,https://www.troy.edu/,1,university,"--mobile""><img src=""/_resources/images/troy-logo-svg.svg"" class=""header-logo-svg--mobile"" alt=""Troy University, Homepage Link""></a><button id=""menu-toggle"" class=""navbar-toggler ml-auto collapsed"" type=""button"""
Troy University,https://www.troy.edu/,1,university,"r"">
               <div class=""m-card m-card--solid hero--card"">
                  <h1><strong>TROY UNIVERSITY</strong> RANKED AMONG THE BEST</h1>
                  <p>From award-winning academic opportunities "
Troy University,https://www.troy.edu/,1,university,"d-winning academic opportunities to exciting Division 1 athletics events,
                     Troy University provides students around the globe with top-notch learning opportunities—in
                     cl"
Troy University,https://www.troy.edu/,1,university,"lobe, exciting Division I athletics events—what’s not to love about Troy
                           University’s Troy Campus? Every year, students from around the world find their second
                       "
Troy University,https://www.troy.edu/,1,university,">
                        
                        <p>TROY’s Dothan Campus offers a quality, 4-year-university experience. By providing
                           the flexibility needed to juggle work, home and"
Troy University,https://www.troy.edu/,1,university,"ture</h2>
               
               <p>Earn your degree from a real, 4-year, accredited, state university focused on preparing
                  you to excel in your future career. Every year, TROY&nbsp;eq"
Troy University,https://www.troy.edu/,1,university,"ou with value and values. Whether you plan to study in-class or online,&nbsp;Troy
                  University&nbsp;can give&nbsp;you the resources and top-notch academic training you'll need
                  "
Troy University,https://www.troy.edu/,1,university,"ers the ability to earn their
                              degrees from an accredited 4-year state university.
                              
                           </p><a class=""a-button a-button--offset"""
Troy University,https://www.troy.edu/,1,university,"            <div id=""card07"" class=""m-card"">
                           <h3>Alabama's International University</h3>
                           <p>
                              With more than 1,000 students rep"
Troy University,https://www.troy.edu/,1,university,"ies around the globe, it’s no
                              wonder TROY is “Alabama’s International University.” On any given day on the Troy
                              Campus you could hear nearly 85 differ"
Troy University,https://www.troy.edu/,1,university,"6 order-3 order-lg-2"">
				<ul class=""social-icons"">
					<li><a href=""https://www.facebook.com/TroyUniversity/"" target=""_blank""><img src=""/_resources/images/Facebook.svg"" alt=""Link to Troy Facebook page.""></a>"
Troy University,https://www.troy.edu/,1,university,"er.svg"" alt=""Link to Troy Twitter page."" ></a></li>
					<li><a href=""https://www.instagram.com/troyuniversity/"" target=""_blank""><img src=""/_resources/images/Instagram.svg"" alt=""Link to Troy Instagram page."" ><"
Troy University,https://www.troy.edu/,1,university," alt=""Link to Troy Youtube page."" ></a></li>
					<li><a href=""https://www.linkedin.com/school/troy-university/"" target=""_blank""><img src=""/_resources/images/LinkedIn.svg"" alt=""Link to Troy Linkedin page."" ></a"
Troy University,https://www.troy.edu/,1,university,""">
					<div class=""grid-sizer""></div>
				</div>
				<a href=""/about-us/offices-departments/office-university-relations/social-hub.html"" target=""_blank"" class=""a-button"">View All Social Media</a>
			</div>
		<"
Troy University,https://www.troy.edu/,1,university,"f=""/""><img src=""/_resources/images/troy-logo-svg.svg"" class=""footer-logo footer-logo-svg"" alt=""Troy University, Homepage Link""></a><address class=""a-footer-info"">Troy University<br>Troy, Alabama 36082
         "
Troy University,https://www.troy.edu/,1,university,"-logo footer-logo-svg"" alt=""Troy University, Homepage Link""></a><address class=""a-footer-info"">Troy University<br>Troy, Alabama 36082
                     </address>
                     <ul class=""m-footer-lin"
Troy University,https://www.troy.edu/,1,university,"dex.html"">Student Disability Services</a></li>
                        <li><a href=""https://www.troyuniversityjobs.com/"" target=""_blank"">Employment</a></li>
                        <li><a href=""/net-price-calcu"
Troy University,https://www.troy.edu/,1,university,"Price Calculator</a></li>
                        <li><a href=""/about-us/offices-departments/office-university-relations/social-hub.html"">Social Media</a></li>
                     </ul>
                     <h"
Troy University,https://www.troy.edu/,1,university,">
                     <h3 class=""a-footer-link""><span id=""directedit"">©</span>&nbsp;1996-2019 Troy University
                     </h3>
                     <ul class=""col-sm-12 m-footer-links"">
             "
Rhode Island College,http://www.ric.edu/,1,university,"m/ "",""login.microsoftonline.com"",""www.microsoftonline.com"",""www.myinterfase.com/ric/student/ "",""www.universityhealthplans.com"",""coursecatalog.ric.edu"",""ric.thepermitstore.com"",""www.goanchormen.com"",""www.myinter"
Rhode Island College,http://www.ric.edu/,1,smart,"cript type=""text/javascript"">

    var g_whiteListedDomains = [
        ""ric.edu"",
        ""ric.smartcatalogiq.com"",""www.applyweb.com"",""www.google.com"",""ric.bncollege.com"",""www.ric.edu/adamslibrary"",""/"
Rhode Island College,http://www.ric.edu/,1,smart,"scg.org"",""http://www.anchortv2.org/"",""www.anchortv2.org"",""http://coursecatalog.ric.edu"",""http://ric.smartcatalogiq.com"",""http://www.westerlyedcenter.org/"",""www.westerlyedcenter.org"",""resnet.ric.edu"",""ric.m"
Rhode Island College,http://www.ric.edu/,1,diversity,"            

                                                        <a href=""/communityequityanddiversity/Pages/default.aspx"">Community, Equity and Diversity</a><br />

                                  "
Rhode Island College,http://www.ric.edu/,1,diversity,"                    <a href=""/communityequityanddiversity/Pages/default.aspx"">Community, Equity and Diversity</a><br />

                                                    

                              "
Rhode Island College,http://www.ric.edu/,1,diversity,"a></li>' + 
'<li><a href=\'/campusmap\'>Campus Map</a></li>' + 
'<li><a href=\'/communityequityanddiversity/Pages/default.aspx\'>Community, Equity and Diversity</a></li>' + 
'<li><a href=\'/events/Pages/def"
Rhode Island College,http://www.ric.edu/,1,diversity,"a></li>' + 
'<li><a href=\'/communityequityanddiversity/Pages/default.aspx\'>Community, Equity and Diversity</a></li>' + 
'<li><a href=\'/events/Pages/default.aspx\'>Events</a></li>' + 
'<li><a href=\'/stud"
Rhode Island College,http://www.ric.edu/,1,diversity,"m ms-core-listMenu-item ms-displayInline ms-navedit-linkNode"" tabindex=""0"" href=""/communityequityanddiversity/Pages/default.aspx""><span class=""additional-background ms-navedit-flyoutArrow""><span class=""menu-it"
Rhode Island College,http://www.ric.edu/,1,diversity,"l-background ms-navedit-flyoutArrow""><span class=""menu-item-text"">Campus Life|Community, Equity and Diversity</span></span></a></li><li class=""dynamic""><a class=""dynamic menu-item ms-core-listMenu-item ms-disp"
